REQPROD;TEST_METHOD;ELEKTRA;LINK
113482;Inspection;Inspection;easee:VCC_EEDM,2297619
113861;Test;Test;easee:VCC_EEDM,357168
113863;Test;Test;easee:VCC_EEDM,357175
113864;Test;Test;easee:VCC_EEDM,2013560
113866;Test;Test;easee:VCC_EEDM,357184
115161;Inspection;Inspection;easee:VCC_EEDM,362388
115163;Inspection;Inspection;easee:VCC_EEDM,3935687
115341;Inspection;Inspection;easee:VCC_EEDM,362877
115361;Inspection;Inspection;easee:VCC_EEDM,362970
115381;Inspection;Inspection;easee:VCC_EEDM,9676316
115401;Test;Test;easee:VCC_EEDM,9676332
115421;Test;Test;easee:VCC_EEDM,9676336
115561;Test;Test;easee:VCC_EEDM,9677457
115621;Test;Test;easee:VCC_EEDM,9130244
115623;Test;Test;easee:VCC_EEDM,363432
115662;Test;Test;easee:VCC_EEDM,2229171
115663;Test;Test;easee:VCC_EEDM,2172243
115664;Test;Test;easee:VCC_EEDM,363584
115798;Test;Test;easee:VCC_EEDM,2316344
119101;Test;Test;easee:VCC_EEDM,3935283
119121;Test;Test;easee:VCC_EEDM,375103
119145;Test;Test;easee:VCC_EEDM,375124
125501;Test - Use VCC Test Description;Test - Use VCC Test Description;easee:VCC_EEDM,406276
125542;Analysis;Analysis;easee:VCC_EEDM,406472
128777;Inspection;Inspection;easee:VCC_EEDM,427388
128838;Test;Test;easee:VCC_EEDM,427862
128908;Analysis;Analysis;easee:VCC_EEDM,1988928
129842;Inspection;Inspection;easee:VCC_EEDM,2197220
129845;Test;Test;easee:VCC_EEDM,430718
129861;Test;Test;easee:VCC_EEDM,2217544
130582;;;easee:VCC_EEDM,433299
130742;Test - Use VCC Test Description;Test - Use VCC Test Description;easee:VCC_EEDM,11910801
151986;Test;Test;easee:VCC_EEDM,568416
152003;Test;Test;easee:VCC_EEDM,568517
152142;Test;-;-
161873;Test;Test;easee:VCC_EEDM,2173201
161893;Test - Use VCC Test Description;Test - Use VCC Test Description;easee:VCC_EEDM,2013157
178193;Test;Test;easee:VCC_EEDM,5068974
178213;Test;Test;easee:VCC_EEDM,729369
179113;Test;Test;easee:VCC_EEDM,986522
180733;Test;Test;easee:VCC_EEDM,986508
180753;Test;Test;easee:VCC_EEDM,986506
180754;Test;Test;easee:VCC_EEDM,986504
180755;Test;Test;easee:VCC_EEDM,6552467
180756;Test;Test;easee:VCC_EEDM,986496
180757;Test;Test;easee:VCC_EEDM,986488
180758;Test;Test;easee:VCC_EEDM,986486
180759;Test;Test;easee:VCC_EEDM,986484
180760;Test;Test;easee:VCC_EEDM,986482
180761;Test;Test;easee:VCC_EEDM,986457
180762;Test;Test;easee:VCC_EEDM,986408
180763;Test;Test;easee:VCC_EEDM,986402
180764;Test;Test;easee:VCC_EEDM,986355
181053;Test;Test;easee:VCC_EEDM,11261252
181073;Test;Test;easee:VCC_EEDM,11260870
181093;Inspection;Inspection;easee:VCC_EEDM,11260760
181433;Test;Test;easee:VCC_EEDM,1076824
181434;Test;Test;easee:VCC_EEDM,5900502
181435;Test;Test;easee:VCC_EEDM,5899420
181453;Test;Test;easee:VCC_EEDM,1076902
240274;Test;Test;easee:VCC_EEDM,1091477
247653;Test;Test;easee:VCC_EEDM,11261370
282595;Test - Use VCC Test Description;Test - Use VCC Test Description;easee:VCC_EEDM,1404890
316711;Test - Use VCC Test Description;Test - Use VCC Test Description;easee:VCC_EEDM,13220676
332533;Test;Test;easee:VCC_EEDM,2004989
332535;Test;Test;easee:VCC_EEDM,2005600
332536;Analysis;Analysis;easee:VCC_EEDM,12490994
332537;Analysis;Analysis;easee:VCC_EEDM,3909401
332551;Test;Test;easee:VCC_EEDM,2981743
332552;Test;Test;easee:VCC_EEDM,2311736
332571;Analysis;Analysis;easee:VCC_EEDM,2981891
332572;Analysis;Analysis;easee:VCC_EEDM,2008461
336996;Test;Test;easee:VCC_EEDM,9676338
336997;Test;Test;easee:VCC_EEDM,9676340
339293;Test;Test;easee:VCC_EEDM,2195768
339294;Test;Test;easee:VCC_EEDM,2195891
340531;Test;Test;easee:VCC_EEDM,3996472
342168;;-;-
342937;Test - Use VCC Test Description;Test - Use VCC Test Description;easee:VCC_EEDM,2280566
344378;Test;Test;easee:VCC_EEDM,6225310
344379;Test;Test;easee:VCC_EEDM,6431292
344381;Test;Test;easee:VCC_EEDM,6225329
344382;Test;Test;easee:VCC_EEDM,6431288
347297;Test;Test;easee:VCC_EEDM,6431294
347298;Test;Test;easee:VCC_EEDM,6431290
353876;Analysis;Analysis;easee:VCC_EEDM,12525417
360452;Test + Analysis;Test + Analysis;easee:VCC_EEDM,4915311
362336;Inspection;Inspection;easee:VCC_EEDM,11285240
362337;Demonstration;Demonstration;easee:VCC_EEDM,11285249
363603;Test - Use VCC Test Description;Test - Use VCC Test Description;easee:VCC_EEDM,2886285
366327;Analysis;Analysis;easee:VCC_EEDM,4915300
366329;Test + Analysis;Test + Analysis;easee:VCC_EEDM,10626677
378334;-;Test;easee:VCC_EEDM,6666952
378336;-;Test;easee:VCC_EEDM,3437973
378339;-;Test;easee:VCC_EEDM,3437984
380118;Test;Test;easee:VCC_EEDM,3497121
391191;Test;Test;easee:VCC_EEDM,3901045
391192;Test;Test;easee:VCC_EEDM,3988066
392111;Test;Test;easee:VCC_EEDM,3926615
392594;Test;Test;easee:VCC_EEDM,3935555
392596;Test;Test;easee:VCC_EEDM,3935571
392611;Test;Test;easee:VCC_EEDM,9128582
392752;;-;-
396513;-;Test;easee:VCC_EEDM,4070895
396753;Measurement + Analysis;Measurement + Analysis;easee:VCC_EEDM,11602090
397291;Test;Test;easee:VCC_EEDM,6573257
397292;Test;Test;easee:VCC_EEDM,4945434
397293;Test + Analysis;Test + Analysis;easee:VCC_EEDM,4800704
397432;Test + Analysis;Test + Analysis;easee:VCC_EEDM,6636034
397435;Test;Test;easee:VCC_EEDM,4799756
397436;Test;Test;easee:VCC_EEDM,4800721
397438;Test;Test;easee:VCC_EEDM,6573273
397440;Test + Analysis;Test + Analysis;easee:VCC_EEDM,4735126
398360;Test;Test;easee:VCC_EEDM,9292866
398371;Test;Test;easee:VCC_EEDM,4794089
398372;Test;Test;easee:VCC_EEDM,10262456
398373;Test;Test;easee:VCC_EEDM,4680458
398851;Test;-;-
399873;Test + Analysis;Test + Analysis;easee:VCC_EEDM,4800741
399878;Test + Analysis;Test + Analysis;easee:VCC_EEDM,4793105
400425;Test + Analysis;Test + Analysis;easee:VCC_EEDM,4945334
400704;Test;Test;easee:VCC_EEDM,5234122
400878;Test;Test;easee:VCC_EEDM,5219842
400894;Test;Test;easee:VCC_EEDM,10626724
400961;Test + Analysis;Test + Analysis;easee:VCC_EEDM,10696349
400992;Test;Test;easee:VCC_EEDM,5819531
400994;Test;Test;easee:VCC_EEDM,4685042
401108;Test;Test;easee:VCC_EEDM,5234120
401140;;;easee:VCC_EEDM,5208576
401156;Inspection;Inspection;easee:VCC_EEDM,4685276
401157;Test + Analysis;Test + Analysis;easee:VCC_EEDM,5208567
401206;Test + Analysis;Test + Analysis;easee:VCC_EEDM,4685126
402292;Test + Analysis;Test + Analysis;easee:VCC_EEDM,4794111
402299;Test + Analysis;Test + Analysis;easee:VCC_EEDM,4685135
402300;Test + Analysis;Test + Analysis;easee:VCC_EEDM,4794628
403711;Demonstration;Demonstration;easee:VCC_EEDM,5208572
404184;Test;Test;easee:VCC_EEDM,9293490
404594;Test;Test;easee:VCC_EEDM,4373704
404595;Analysis;Analysis;easee:VCC_EEDM,8702078
404598;Test;Test;easee:VCC_EEDM,4373749
404620;Test;Test;easee:VCC_EEDM,5884461
404623;Test;Test;easee:VCC_EEDM,4373958
404693;Test;Test;easee:VCC_EEDM,10234750
404694;Test;Test;easee:VCC_EEDM,8703444
404696;Test;Test;easee:VCC_EEDM,8703433
404771;Test;Test;easee:VCC_EEDM,6701070
405051;Inspection;Inspection;easee:VCC_EEDM,4735545
405174;Test;Test;easee:VCC_EEDM,5794251
405471;Test;Test;easee:VCC_EEDM,5954476
408292;Test;Test;easee:VCC_EEDM,4496247
408293;Test;Test;easee:VCC_EEDM,4496286
408294;Test;Test;easee:VCC_EEDM,4496387
408296;Test;Test;easee:VCC_EEDM,4496410
408299;Test;Test;easee:VCC_EEDM,4496422
408300;Test;Test;easee:VCC_EEDM,12489920
408301;Test;Test;easee:VCC_EEDM,4496531
408537;Inspection;-;-
408538;Inspection;-;-
409254;Test;Test;easee:VCC_EEDM,4534930
410732;Test;Test;easee:VCC_EEDM,4605944
411891;Test;Test;easee:VCC_EEDM,4800725
416011;Test;Test;easee:VCC_EEDM,4799350
416271;Test;Test;easee:VCC_EEDM,5208682
416451;Test;Test;easee:VCC_EEDM,5234124
417716;Test - Use VCC Test Description;-;-
417751;Test - Use VCC Test Description;-;-
417752;Test - Use VCC Test Description;-;-
417753;Test - Use VCC Test Description;-;-
418011;Test;Test;easee:VCC_EEDM,5209421
418031;Test;Test;easee:VCC_EEDM,4893700
418032;Test;Test;easee:VCC_EEDM,4893706
418071;Test;Test;easee:VCC_EEDM,4895473
418372;Test;Test;easee:VCC_EEDM,5209350
418471;Test;Test;easee:VCC_EEDM,10623048
419132;Test + Analysis;Test + Analysis;easee:VCC_EEDM,4915434
419731;Test + Analysis;Test + Analysis;easee:VCC_EEDM,10623163
419911;Test + Analysis;Test + Analysis;easee:VCC_EEDM,5865000
419994;Test + Analysis;Test + Analysis;easee:VCC_EEDM,10626682
420111;Test;Test;easee:VCC_EEDM,5221188
420232;Test;Test;easee:VCC_EEDM,5827856
422833;Test;Test;easee:VCC_EEDM,5014171
428664;Test;Test;easee:VCC_EEDM,6596825
428665;Test;Test;easee:VCC_EEDM,6698723
428666;Test + Analysis;Test;easee:VCC_EEDM,10234748
428667;Test + Analysis;Test;easee:VCC_EEDM,10234738
428976;Test;Test;easee:VCC_EEDM,5209432
429082;Test + Analysis;Test + Analysis;easee:VCC_EEDM,8706784
429095;Test;Test;easee:VCC_EEDM,5782638
429415;;;easee:VCC_EEDM,10240581
435002;Test - Use VCC Test Description;-;-
435017;Test;Test;easee:VCC_EEDM,5848626
435517;Inspection;-;-
435518;Inspection;Inspection;easee:VCC_EEDM,11261040
435534;Inspection;Inspection;easee:VCC_EEDM,5888756
435535;Inspection;Inspection;easee:VCC_EEDM,5888768
435544;Inspection;Inspection;easee:VCC_EEDM,11261248
435545;Inspection;-;-
438801;;;easee:VCC_EEDM,6225282
438802;;;easee:VCC_EEDM,6225297
441094;Test;Test;easee:VCC_EEDM,9128817
441876;;;easee:VCC_EEDM,10659142
442538;;;easee:VCC_EEDM,9301962
445413;Test + Analysis;-;-
447591;Analysis;Analysis;easee:VCC_EEDM,12070570
447593;Analysis;-;-
456934;;;easee:VCC_EEDM,8702090
457041;Test + Analysis;Test;easee:VCC_EEDM,8730726
457070;Inspection;Inspection;easee:VCC_EEDM,11021058
457183;Test;Test;easee:VCC_EEDM,8770514
458432;Inspection;Inspection;easee:VCC_EEDM,9037964
458693;Test;Test;easee:VCC_EEDM,9128553
458697;Inspection;Inspection;easee:VCC_EEDM,9128809
458700;Test - Use VCC Test Description;Test - Use VCC Test Description;easee:VCC_EEDM,9676320
458730;Test - Use VCC Test Description;Test - Use VCC Test Description;easee:VCC_EEDM,9135596
458752;Test - Use VCC Test Description;Test - Use VCC Test Description;easee:VCC_EEDM,9138952
458753;Test - Use VCC Test Description;Test - Use VCC Test Description;easee:VCC_EEDM,9138956
458755;Test - Use VCC Test Description;Test - Use VCC Test Description;easee:VCC_EEDM,9138964
458757;Test - Use VCC Test Description;Test - Use VCC Test Description;easee:VCC_EEDM,9138973
458758;Test - Use VCC Test Description;Test - Use VCC Test Description;easee:VCC_EEDM,9138977
458760;Test;Test;easee:VCC_EEDM,9139026
458769;Test - Use VCC Test Description;Test - Use VCC Test Description;easee:VCC_EEDM,9142143
458771;Test - Use VCC Test Description;Test - Use VCC Test Description;easee:VCC_EEDM,12150271
458806;Test - Use VCC Test Description;Test - Use VCC Test Description;easee:VCC_EEDM,9676322
459337;Test - Use VCC Test Description;Test - Use VCC Test Description;easee:VCC_EEDM,10090336
465519;Test + Inspection;-;-
466659;Test;Test;easee:VCC_EEDM,10608234
466661;Test;Test;easee:VCC_EEDM,10608247
466751;Test;Test;easee:VCC_EEDM,10622748
466756;-;Test - Use VCC Test Description;easee:VCC_EEDM,10622920
466757;-;Test - Use VCC Test Description;easee:VCC_EEDM,10622928
466760;-;Analysis;easee:VCC_EEDM,10622934
466900;Test;Test;easee:VCC_EEDM,10697357
466908;-;Analysis;easee:VCC_EEDM,10704970
467271;Test;Test;easee:VCC_EEDM,10754972
467281;Test;Test;easee:VCC_EEDM,10753076
468776;Analysis;Analysis;easee:VCC_EEDM,11187710
468869;Test + Analysis;Test + Analysis;easee:VCC_EEDM,12520872
468870;Test + Analysis;Test + Analysis;easee:VCC_EEDM,12520874
468871;Test + Analysis;Test + Analysis;easee:VCC_EEDM,12520884
468872;Test + Analysis;Test + Analysis;easee:VCC_EEDM,12520880
468873;Test + Analysis;Test + Analysis;easee:VCC_EEDM,12520882
468962;Test + Analysis;Test + Analysis;easee:VCC_EEDM,12511768
468963;Test + Analysis;Test + Analysis;easee:VCC_EEDM,12511770
469022;Test + Analysis;Test + Analysis;easee:VCC_EEDM,12520892
469023;Test + Analysis;Test + Analysis;easee:VCC_EEDM,12520904
469024;Test + Analysis;Test + Analysis;easee:VCC_EEDM,12520894
469025;Test + Analysis;Test + Analysis;easee:VCC_EEDM,12520870
469026;Test + Analysis;Test + Analysis;easee:VCC_EEDM,12520896
469029;Test + Analysis;Test + Analysis;easee:VCC_EEDM,11259808
469031;Test + Inspection;Test + Inspection;easee:VCC_EEDM,11260463
469032;;;easee:VCC_EEDM,11260465
469076;Test + Analysis;Test + Analysis;easee:VCC_EEDM,12511772
469082;Test + Analysis;Test + Analysis;easee:VCC_EEDM,12511774
469085;Test + Analysis;Test + Analysis;easee:VCC_EEDM,11263680
469087;Test + Analysis;Test + Analysis;easee:VCC_EEDM,11263687
469088;Test + Analysis;Test + Analysis;easee:VCC_EEDM,11263689
469090;Test + Analysis;Test + Analysis;easee:VCC_EEDM,11263693
469092;Test + Analysis;Test + Analysis;easee:VCC_EEDM,11263698
469128;;;easee:VCC_EEDM,11264930
469129;Test + Analysis;Test + Analysis;easee:VCC_EEDM,11264970
469130;Test + Inspection;Test + Inspection;easee:VCC_EEDM,11264972
469133;;;easee:VCC_EEDM,11264988
469134;Test - Use VCC Test Description;Test - Use VCC Test Description;easee:VCC_EEDM,11265183
469136;;;easee:VCC_EEDM,11265284
469139;;;easee:VCC_EEDM,11265291
469143;;;easee:VCC_EEDM,11265375
469202;Test + Analysis;Test + Analysis;easee:VCC_EEDM,12520850
469203;Test + Analysis;Test + Analysis;easee:VCC_EEDM,12520852
469204;Test + Analysis;Test + Analysis;easee:VCC_EEDM,12520856
469231;;Test + Analysis;easee:VCC_EEDM,13006996
469232;;-;-
469233;;Test + Analysis;easee:VCC_EEDM,13006994
469243;;;easee:VCC_EEDM,11278640
469244;;;easee:VCC_EEDM,11278654
469245;;;easee:VCC_EEDM,11278684
469246;;;easee:VCC_EEDM,11278686
469247;;;easee:VCC_EEDM,11278688
469257;;;easee:VCC_EEDM,11279377
469269;Test + Analysis;Test + Analysis;easee:VCC_EEDM,12413286
469270;Test + Analysis;Test + Analysis;easee:VCC_EEDM,12421749
469275;;;easee:VCC_EEDM,11284579
469276;;;easee:VCC_EEDM,11284589
469280;;;easee:VCC_EEDM,11284597
469281;;;easee:VCC_EEDM,11284636
469319;Test + Analysis;Test + Analysis;easee:VCC_EEDM,12997996
469320;Test + Analysis;Test + Analysis;easee:VCC_EEDM,12997998
469321;Test + Analysis;Test + Analysis;easee:VCC_EEDM,12998000
469323;;Test + Analysis;easee:VCC_EEDM,12998002
469349;;;easee:VCC_EEDM,12511776
469350;Test + Analysis;Test + Analysis;easee:VCC_EEDM,12511782
469398;;;easee:VCC_EEDM,11287071
469399;;;easee:VCC_EEDM,11287145
469400;;;easee:VCC_EEDM,11287176
469403;;;easee:VCC_EEDM,11287322
469405;;;easee:VCC_EEDM,11287328
469406;;;easee:VCC_EEDM,11287330
469407;;;easee:VCC_EEDM,11287332
469408;;;easee:VCC_EEDM,11287335
469411;Test + Analysis;Test + Analysis;easee:VCC_EEDM,11287346
469413;Test + Analysis;Test + Analysis;easee:VCC_EEDM,11287368
469414;;;easee:VCC_EEDM,11287388
469418;Inspection;Inspection;easee:VCC_EEDM,11287469
469419;Test + Analysis;Test + Analysis;easee:VCC_EEDM,11287476
469426;Test + Inspection;Test + Inspection;easee:VCC_EEDM,11287535
469427;Inspection;Inspection;easee:VCC_EEDM,11287537
469428;Test + Inspection;Test + Inspection;easee:VCC_EEDM,13589704
469429;Test;Test;easee:VCC_EEDM,13589706
469432;Test + Inspection;Test + Inspection;easee:VCC_EEDM,11287557
469433;Test;Test;easee:VCC_EEDM,11287562
469434;Test + Inspection;Test + Inspection;easee:VCC_EEDM,11287565
469435;Test;Test;easee:VCC_EEDM,11287567
469437;Test;Test;easee:VCC_EEDM,13589709
469438;Test;Test;easee:VCC_EEDM,13589711
469439;Test;Test;easee:VCC_EEDM,13589713
469440;Test;Test;easee:VCC_EEDM,13589715
469441;Test + Analysis;Test + Analysis;easee:VCC_EEDM,11287581
469444;Test + Inspection;Test + Inspection;easee:VCC_EEDM,11287587
469449;Test + Inspection;Test + Inspection;easee:VCC_EEDM,13589718
469450;Test;Test;easee:VCC_EEDM,13589720
469451;Test + Analysis;Test + Analysis;easee:VCC_EEDM,11287606
469461;Test;Test;easee:VCC_EEDM,11287629
469462;Test;Test;easee:VCC_EEDM,13589722
469463;Test + Inspection;Test + Inspection;easee:VCC_EEDM,11287635
469465;Test;Test;easee:VCC_EEDM,11287651
469467;;;easee:VCC_EEDM,11287655
469472;;;easee:VCC_EEDM,11287667
472402;-;;easee:VCC_EEDM,12150024
473614;Test + Analysis;Test + Analysis;easee:VCC_EEDM,12511788
473615;Test + Analysis;Test + Analysis;easee:VCC_EEDM,12511790
473635;Test + Analysis;Test + Analysis;easee:VCC_EEDM,12520847
473636;Test + Analysis;Test + Analysis;easee:VCC_EEDM,12520854
473638;Test + Analysis;Test + Analysis;easee:VCC_EEDM,12520863
473640;Test + Analysis;Test + Analysis;easee:VCC_EEDM,12520876
473641;Test + Analysis;Test + Analysis;easee:VCC_EEDM,12520878
473642;Test + Analysis;Test + Analysis;easee:VCC_EEDM,12520886
473643;Test + Analysis;Test + Analysis;easee:VCC_EEDM,12520888
473644;Test + Analysis;Test + Analysis;easee:VCC_EEDM,12520902
473645;Test + Analysis;Test + Analysis;easee:VCC_EEDM,12520906
476714;-;Test + Analysis;easee:VCC_EEDM,12998004
476715;-;Test + Analysis;easee:VCC_EEDM,12998006
476716;-;Test + Analysis;easee:VCC_EEDM,12998008
476807;-;Test + Analysis;easee:VCC_EEDM,13007000
476808;-;Test + Analysis;easee:VCC_EEDM,13007002
476809;-;Test + Analysis;easee:VCC_EEDM,13007004
476810;-;Test + Analysis;easee:VCC_EEDM,13007008
476811;-;Test + Analysis;easee:VCC_EEDM,13007011
476812;-;Test + Analysis;easee:VCC_EEDM,13007014
476813;-;Test + Analysis;easee:VCC_EEDM,13007016
476814;-;Test + Analysis;easee:VCC_EEDM,13007018
476815;-;Test + Analysis;easee:VCC_EEDM,13007020
476816;-;Test + Analysis;easee:VCC_EEDM,13007022
476817;-;Test + Analysis;easee:VCC_EEDM,13007024
476818;-;Test + Analysis;easee:VCC_EEDM,13007027
476819;-;Test + Analysis;easee:VCC_EEDM,13007029
476820;-;Test + Analysis;easee:VCC_EEDM,13007031
476821;-;Test + Analysis;easee:VCC_EEDM,13007035
476822;-;Test + Analysis;easee:VCC_EEDM,13007037
52235;Test - Use VCC Test Description;Test - Use VCC Test Description;easee:VCC_EEDM,2218686
52242;Test;Test;easee:VCC_EEDM,2218242
52243;Test;Test;easee:VCC_EEDM,2217074
52245;Test;Test;easee:VCC_EEDM,13666451
52246;Test;Test;easee:VCC_EEDM,2218191
52247;Test;Test;easee:VCC_EEDM,2218194
52249;Test;Test;easee:VCC_EEDM,2273902
52250;Test;Test;easee:VCC_EEDM,2218252
52251;Analysis;Analysis;easee:VCC_EEDM,2218250
52252;Analysis;Analysis;easee:VCC_EEDM,2218680
52254;Analysis;Analysis;easee:VCC_EEDM,2218678
52255;Analysis;Analysis;easee:VCC_EEDM,2218676
52256;Analysis;Analysis;easee:VCC_EEDM,2218674
52257;Analysis;Analysis;easee:VCC_EEDM,2218554
52258;Analysis;Analysis;easee:VCC_EEDM,2218549
52259;Analysis;Analysis;easee:VCC_EEDM,2218532
52261;Test;Test;easee:VCC_EEDM,2218530
52281;Test;Test;easee:VCC_EEDM,2218527
52282;Analysis;Analysis;easee:VCC_EEDM,2274977
52283;Analysis;Analysis;easee:VCC_EEDM,2218522
52284;Analysis;Analysis;easee:VCC_EEDM,2218520
52285;Test;Test;easee:VCC_EEDM,2218517
52286;Test;Test;easee:VCC_EEDM,2275108
52287;Test;Test;easee:VCC_EEDM,2274983
52288;Test;Test;easee:VCC_EEDM,2218511
52289;Test;Test;easee:VCC_EEDM,2218509
52290;Test;Test;easee:VCC_EEDM,2218507
52291;Test;Test;easee:VCC_EEDM,2218503
52292;Test;Test;easee:VCC_EEDM,2275122
52293;Test;Test;easee:VCC_EEDM,2218498
52306;Test - Use VCC Test Description;Test - Use VCC Test Description;easee:VCC_EEDM,435243
52307;Test - Use VCC Test Description;Test - Use VCC Test Description;easee:VCC_EEDM,710723
52314;Test - Use VCC Test Description;Test - Use VCC Test Description;easee:VCC_EEDM,4778862
52546;Inspection;Inspection;easee:VCC_EEDM,7611704
52547;Inspection;Inspection;easee:VCC_EEDM,3480855
52677;Test;Test;easee:VCC_EEDM,13284791
52683;Analysis;Analysis;easee:VCC_EEDM,10622516
52687;Analysis;Analysis;easee:VCC_EEDM,10622518
52688;Test;Test;easee:VCC_EEDM,10622520
53413;Analysis;Analysis;easee:VCC_EEDM,7322345
53415;Analysis;Analysis;easee:VCC_EEDM,11187753
53418;Analysis;Analysis;easee:VCC_EEDM,7322387
53419;Test - Use VCC Test Description;-;-
53420;Test - Use VCC Test Description;-;-
53474;Test - Use VCC Test Description;Test - Use VCC Test Description;easee:VCC_EEDM,7322412
53476;Analysis;Analysis;easee:VCC_EEDM,11185901
53478;Test - Use VCC Test Description;Test - Use VCC Test Description;easee:VCC_EEDM,7322418
53483;Test - Use VCC Test Description;Test - Use VCC Test Description;easee:VCC_EEDM,7322421
53523;Test - Use VCC Test Description;Test - Use VCC Test Description;easee:VCC_EEDM,11186960
53524;Test - Use VCC Test Description;Test - Use VCC Test Description;easee:VCC_EEDM,11188982
53535;Test - Use VCC Test Description;Test - Use VCC Test Description;easee:VCC_EEDM,11188984
53536;Analysis;Analysis;easee:VCC_EEDM,11187088
53542;Analysis;-;-
53562;Analysis;-;-
53566;-;Test - Use VCC Test Description;easee:VCC_EEDM,7322469
53581;-;Test - Use VCC Test Description;easee:VCC_EEDM,11188623
53582;-;Test - Use VCC Test Description;easee:VCC_EEDM,7322452
53583;-;Test - Use VCC Test Description;easee:VCC_EEDM,7322454
53584;-;Test - Use VCC Test Description;easee:VCC_EEDM,7322456
53702;Analysis;-;-
53704;Test - Use VCC Test Description;-;-
53706;Test - Use VCC Test Description;-;-
53709;Test - Use VCC Test Description;-;-
53791;Test;Test;easee:VCC_EEDM,525470
53802;Test;Test;easee:VCC_EEDM,525487
53816;Analysis;Analysis;easee:VCC_EEDM,2270188
53834;Test;Test;easee:VCC_EEDM,2270190
53835;Test;Test;easee:VCC_EEDM,525506
53836;Test;Test;easee:VCC_EEDM,525512
53837;Test;Test;easee:VCC_EEDM,525525
53838;Test;Test;easee:VCC_EEDM,525543
53839;Test;Test;easee:VCC_EEDM,525545
53840;Test;Test;easee:VCC_EEDM,525547
53841;Test - Use VCC Test Description;Test - Use VCC Test Description;easee:VCC_EEDM,525563
53843;Test - Use VCC Test Description;Test - Use VCC Test Description;easee:VCC_EEDM,525583
53848;Analysis;-;-
53849;Analysis;Analysis;easee:VCC_EEDM,10622746
53850;;-;-
53853;Analysis;Analysis;easee:VCC_EEDM,5864854
53854;Test - Use VCC Test Description;Test - Use VCC Test Description;easee:VCC_EEDM,525588
53855;Test;Test;easee:VCC_EEDM,525590
53856;Test - Use VCC Test Description;Test - Use VCC Test Description;easee:VCC_EEDM,2235836
53857;Test - Use VCC Test Description;Test - Use VCC Test Description;easee:VCC_EEDM,2308124
53858;Test - Use VCC Test Description;Test - Use VCC Test Description;easee:VCC_EEDM,525598
53861;Analysis;Analysis;easee:VCC_EEDM,5864856
53862;Analysis;-;-
53863;Analysis;Analysis;easee:VCC_EEDM,5864867
53864;Test + Analysis;Analysis;easee:VCC_EEDM,10622750
53881;Analysis;-;-
53883;Test - Use VCC Test Description;Test - Use VCC Test Description;easee:VCC_EEDM,5864975
53884;Test - Use VCC Test Description;Test - Use VCC Test Description;easee:VCC_EEDM,10915710
53885;;-;-
53909;Test - Use VCC Test Description;Test - Use VCC Test Description;easee:VCC_EEDM,525604
53911;Test;Test;easee:VCC_EEDM,525608
53912;Test;Test;easee:VCC_EEDM,525610
53913;Test;Test;easee:VCC_EEDM,525614
53916;Test - Use VCC Test Description;Test - Use VCC Test Description;easee:VCC_EEDM,525616
53918;Test;Test;easee:VCC_EEDM,525622
53919;Test;Test;easee:VCC_EEDM,525627
53921;Test;Test;easee:VCC_EEDM,525633
53923;Test;Test;easee:VCC_EEDM,11153754
53927;Test;Test;easee:VCC_EEDM,525650
53929;Test - Use VCC Test Description;Test - Use VCC Test Description;easee:VCC_EEDM,525652
53930;Test;Test;easee:VCC_EEDM,525660
53932;Test;Test;easee:VCC_EEDM,525662
53933;Test - Use VCC Test Description;Test - Use VCC Test Description;easee:VCC_EEDM,525666
53935;Test - Use VCC Test Description;Test - Use VCC Test Description;easee:VCC_EEDM,525674
53957;Test - Use VCC Test Description;Test - Use VCC Test Description;easee:VCC_EEDM,4388475
53958;Test;Test;easee:VCC_EEDM,6636044
53959;Test;Test;easee:VCC_EEDM,4685177
53970;Test;Test;easee:VCC_EEDM,4735538
53973;Test - Use VCC Test Description;Test - Use VCC Test Description;easee:VCC_EEDM,4800834
53975;Test - Use VCC Test Description;Test - Use VCC Test Description;easee:VCC_EEDM,525761
53978;Analysis;Analysis;easee:VCC_EEDM,525768
53980;Analysis;Analysis;easee:VCC_EEDM,4908097
55596;Test;Test;easee:VCC_EEDM,986258
55606;Analysis;Analysis;easee:VCC_EEDM,986265
55612;Test;Test;easee:VCC_EEDM,986297
55613;;;easee:VCC_EEDM,986308
55619;Test;Test;easee:VCC_EEDM,183264
55626;Test;Test;easee:VCC_EEDM,2220791
55627;Test;Test;easee:VCC_EEDM,183320
55628;Test;Test;easee:VCC_EEDM,2221852
55630;Test;Test;easee:VCC_EEDM,183333
55631;Test;Test;easee:VCC_EEDM,1091468
55684;Test;Test;easee:VCC_EEDM,986342
55693;Test;Test;easee:VCC_EEDM,3996131
55699;Test;Test;easee:VCC_EEDM,2175130
55702;Test;Test;easee:VCC_EEDM,2557575
55704;Test;Test;easee:VCC_EEDM,988129
55705;Test;Test;easee:VCC_EEDM,3996152
55723;Analysis;Analysis;easee:VCC_EEDM,2220059
55725;Test;Test;easee:VCC_EEDM,3996154
55741;Test;Test;easee:VCC_EEDM,2220120
55761;Test;Test;easee:VCC_EEDM,988139
55781;Test;Test;easee:VCC_EEDM,988143
55782;Test;Test;easee:VCC_EEDM,988147
55841;Test;-;-
55861;Test;-;-
55881;Analysis;-;-
55883;Test;-;-
55885;Analysis;-;-
55888;Analysis;-;-
55891;Analysis;-;-
55921;Test;-;-
55922;Test;-;-
55925;Test;-;-
55927;Test;-;-
55930;Test;-;-
55932;Test;-;-
55934;Test;-;-
55935;Test;-;-
55936;Test;-;-
55937;Test;-;-
55938;Test;-;-
55939;Test;-;-
55940;Test;-;-
55942;Test;-;-
55944;Test;-;-
55945;Test;-;-
56057;Test;Test;easee:VCC_EEDM,988145
56058;Test;Test;easee:VCC_EEDM,987704
56059;Test;Test;easee:VCC_EEDM,987706
56060;Test;Test;easee:VCC_EEDM,987708
56061;Test;Test;easee:VCC_EEDM,987710
56062;Test;Test;easee:VCC_EEDM,987712
56070;Test;Test;easee:VCC_EEDM,987714
56078;Test;Test;easee:VCC_EEDM,987716
56079;Test;Test;easee:VCC_EEDM,987718
56081;Test;Test;easee:VCC_EEDM,987720
56082;Test;Test;easee:VCC_EEDM,987724
56085;Test;Test;easee:VCC_EEDM,987726
56086;Test;Test;easee:VCC_EEDM,986722
56091;Test;Test;easee:VCC_EEDM,986724
56092;Test;Test;easee:VCC_EEDM,986726
56094;Test;Test;easee:VCC_EEDM,986728
56095;Test;Test;easee:VCC_EEDM,986730
56096;Test;Test;easee:VCC_EEDM,986732
56097;Test;Test;easee:VCC_EEDM,986734
56098;Test;Test;easee:VCC_EEDM,986736
56099;Test;Test;easee:VCC_EEDM,986738
56100;Test;Test;easee:VCC_EEDM,986740
56101;Test;Test;easee:VCC_EEDM,986744
56104;Test;Test;easee:VCC_EEDM,986746
56105;Test;Test;easee:VCC_EEDM,986748
56107;Test;Test;easee:VCC_EEDM,986750
56108;Test;Test;easee:VCC_EEDM,986752
56112;Test;Test;easee:VCC_EEDM,986754
56119;Test;Test;easee:VCC_EEDM,986756
56122;Test;Test;easee:VCC_EEDM,986758
56143;Test;Test;easee:VCC_EEDM,986760
56144;Test;Test;easee:VCC_EEDM,986762
56146;Test;Test;easee:VCC_EEDM,986764
56148;Analysis;Analysis;easee:VCC_EEDM,2297745
56149;Test;Test;easee:VCC_EEDM,986766
56150;Test;Test;easee:VCC_EEDM,2297747
56151;Test;Test;easee:VCC_EEDM,2297749
56152;Test;Test;easee:VCC_EEDM,986770
56154;Test;Test;easee:VCC_EEDM,351247
56155;Test;Test;easee:VCC_EEDM,2297753
56163;Test;Test;easee:VCC_EEDM,986772
56165;Test;Test;easee:VCC_EEDM,986626
56167;Test;Test;easee:VCC_EEDM,986628
56170;Test;Test;easee:VCC_EEDM,986630
56174;Test;Test;easee:VCC_EEDM,986632
56176;Test;Test;easee:VCC_EEDM,986634
56179;Test;Test;easee:VCC_EEDM,986636
56183;Test;Test;easee:VCC_EEDM,986639
56185;Test;Test;easee:VCC_EEDM,986642
56186;Test;Test;easee:VCC_EEDM,986644
56187;Test;Test;easee:VCC_EEDM,986646
56188;Test;Test;easee:VCC_EEDM,986650
56189;Test;Test;easee:VCC_EEDM,986652
56190;Test;Test;easee:VCC_EEDM,986542
56191;Test;Test;easee:VCC_EEDM,986544
56192;Test;Test;easee:VCC_EEDM,426384
56193;;;easee:VCC_EEDM,986546
56194;Test;Test;easee:VCC_EEDM,2283583
56197;Test;Test;easee:VCC_EEDM,345323
56200;Test;Test;easee:VCC_EEDM,2283564
56203;Test;Test;easee:VCC_EEDM,350868
56204;Test - Use VCC Test Description;Test - Use VCC Test Description;easee:VCC_EEDM,2239516
56267;Test;Test;easee:VCC_EEDM,986548
56268;Test;Test;easee:VCC_EEDM,986550
56271;Test;Test;easee:VCC_EEDM,986552
56273;Test;Test;easee:VCC_EEDM,986554
56275;Test;Test;easee:VCC_EEDM,986556
56276;Test;Test;easee:VCC_EEDM,986558
56277;Test;Test;easee:VCC_EEDM,986560
56278;Test;Test;easee:VCC_EEDM,986534
56279;Test;Test;easee:VCC_EEDM,986536
58806;Test - Use VCC Test Description;Test - Use VCC Test Description;easee:VCC_EEDM,711109
59045;Test - Use VCC Test Description;Test - Use VCC Test Description;easee:VCC_EEDM,710952
60003;Test - Use VCC Test Description;Test - Use VCC Test Description;easee:VCC_EEDM,1990784
60004;Analysis;Analysis;easee:VCC_EEDM,2323897
60006;Test - Use VCC Test Description;Test - Use VCC Test Description;easee:VCC_EEDM,1995658
60007;Test - Use VCC Test Description;Test - Use VCC Test Description;easee:VCC_EEDM,4874780
60008;Test - Use VCC Test Description;Test - Use VCC Test Description;easee:VCC_EEDM,2323954
60009;Test - Use VCC Test Description;Test - Use VCC Test Description;easee:VCC_EEDM,2323956
60010;Test - Use VCC Test Description;Test - Use VCC Test Description;easee:VCC_EEDM,193311
60011;Test - Use VCC Test Description;Test - Use VCC Test Description;easee:VCC_EEDM,3440381
60012;Test - Use VCC Test Description;Test - Use VCC Test Description;easee:VCC_EEDM,2323962
60013;Test - Use VCC Test Description;Test - Use VCC Test Description;easee:VCC_EEDM,3455833
60015;Analysis;Analysis;easee:VCC_EEDM,2323971
60016;Test;Test;easee:VCC_EEDM,2324021
60017;Test - Use VCC Test Description;Test - Use VCC Test Description;easee:VCC_EEDM,2324116
60019;Test - Use VCC Test Description;Test - Use VCC Test Description;easee:VCC_EEDM,2324118
60021;Test - Use VCC Test Description;Test - Use VCC Test Description;easee:VCC_EEDM,2324122
60062;Test - Use VCC Test Description;Test - Use VCC Test Description;easee:VCC_EEDM,3442398
60063;Test - Use VCC Test Description;Test - Use VCC Test Description;easee:VCC_EEDM,3442394
60064;Test - Use VCC Test Description;Test - Use VCC Test Description;easee:VCC_EEDM,3442392
60081;Test - Use VCC Test Description;Test - Use VCC Test Description;easee:VCC_EEDM,2324126
60102;Test - Use VCC Test Description;Test - Use VCC Test Description;easee:VCC_EEDM,1991503
60103;Test - Use VCC Test Description;Test - Use VCC Test Description;easee:VCC_EEDM,2324128
60104;Test - Use VCC Test Description;Test - Use VCC Test Description;easee:VCC_EEDM,2223322
60105;Test - Use VCC Test Description;Test - Use VCC Test Description;easee:VCC_EEDM,3442390
60106;Test - Use VCC Test Description;Test - Use VCC Test Description;easee:VCC_EEDM,3442388
60107;Test - Use VCC Test Description;Test - Use VCC Test Description;easee:VCC_EEDM,3439884
60108;Test - Use VCC Test Description;Test - Use VCC Test Description;easee:VCC_EEDM,2324133
60109;Test - Use VCC Test Description;Test - Use VCC Test Description;easee:VCC_EEDM,381189
60110;Test;Test;easee:VCC_EEDM,2324135
60111;Test - Use VCC Test Description;Test - Use VCC Test Description;easee:VCC_EEDM,2324137
60112;Test;Test;easee:VCC_EEDM,2324537
60129;Test - Use VCC Test Description;Test - Use VCC Test Description;easee:VCC_EEDM,2324539
60130;Analysis;Analysis;easee:VCC_EEDM,2324541
60133;Test - Use VCC Test Description;Test - Use VCC Test Description;easee:VCC_EEDM,2324543
64686;Test;Test;easee:VCC_EEDM,4440279
64690;Test;-;-
64693;Test - Use VCC Test Description;-;-
64694;Test - Use VCC Test Description;-;-
64695;Test - Use VCC Test Description;-;-
64696;Test - Use VCC Test Description;-;-
64698;Test - Use VCC Test Description;-;-
64699;Test - Use VCC Test Description;-;-
64701;Test - Use VCC Test Description;-;-
64702;Test - Use VCC Test Description;-;-
64703;Test - Use VCC Test Description;-;-
64705;Test - Use VCC Test Description;-;-
64706;Test - Use VCC Test Description;-;-
64707;Test;-;-
64708;Test - Use VCC Test Description;-;-
64709;Test - Use VCC Test Description;-;-
64712;Test - Use VCC Test Description;-;-
64714;Test - Use VCC Test Description;-;-
64715;Test - Use VCC Test Description;-;-
64716;Test - Use VCC Test Description;-;-
64718;Test - Use VCC Test Description;-;-
64725;Test - Use VCC Test Description;-;-
64726;Test - Use VCC Test Description;-;-
64727;Test - Use VCC Test Description;-;-
64728;Test - Use VCC Test Description;-;-
65555;Test - Use VCC Test Description;-;-
65556;Test - Use VCC Test Description;-;-
65561;Test - Use VCC Test Description;-;-
65582;Test - Use VCC Test Description;-;-
65583;Test - Use VCC Test Description;-;-
65584;Test - Use VCC Test Description;-;-
65585;Test - Use VCC Test Description;-;-
65586;Analysis;-;-
65587;Test - Use VCC Test Description;-;-
65588;Test - Use VCC Test Description;-;-
65589;Test - Use VCC Test Description;-;-
66341;Test;Test;easee:VCC_EEDM,988141
66746;Test;Test;easee:VCC_EEDM,987722
66752;Test;Test;easee:VCC_EEDM,986742
66761;Test;Test;easee:VCC_EEDM,986768
66762;Test;Test;easee:VCC_EEDM,986648
66781;Test;Test;easee:VCC_EEDM,986562
67741;Analysis;Analysis;easee:VCC_EEDM,357008
67742;Analysis;Analysis;easee:VCC_EEDM,215151
67743;Analysis;Analysis;easee:VCC_EEDM,9692859
67761;Analysis;Analysis;easee:VCC_EEDM,5202946
67762;Test;Test;easee:VCC_EEDM,5202948
67763;Analysis;Analysis;easee:VCC_EEDM,3934906
67764;Analysis;Analysis;easee:VCC_EEDM,215236
67765;Test;Test;easee:VCC_EEDM,357082
67767;Analysis;Analysis;easee:VCC_EEDM,5202952
67801;Test;Test;easee:VCC_EEDM,5202954
67821;Analysis;Analysis;easee:VCC_EEDM,215278
67841;Test;Test;easee:VCC_EEDM,357095
67861;Analysis;Analysis;easee:VCC_EEDM,215318
67862;Test;Test;easee:VCC_EEDM,357097
67864;Analysis;Analysis;easee:VCC_EEDM,9692865
67865;Analysis;Analysis;easee:VCC_EEDM,215332
67867;Test;Test;easee:VCC_EEDM,375118
67868;Analysis;Analysis;easee:VCC_EEDM,215342
67869;Test;Test;easee:VCC_EEDM,357102
67943;Analysis;Analysis;easee:VCC_EEDM,357107
67945;Analysis;Analysis;easee:VCC_EEDM,215430
67946;Analysis;Analysis;easee:VCC_EEDM,12099921
67982;Analysis;Analysis;easee:VCC_EEDM,215506
67983;Analysis;Analysis;easee:VCC_EEDM,215510
67984;Test;Test;easee:VCC_EEDM,215512
67985;Test;Test;easee:VCC_EEDM,215514
67986;Test;Test;easee:VCC_EEDM,215516
68001;Analysis;Analysis;easee:VCC_EEDM,215538
68002;Analysis;Analysis;easee:VCC_EEDM,215542
68003;Test;Test;easee:VCC_EEDM,215544
68004;Test;Test;easee:VCC_EEDM,385585
68005;Test;Test;easee:VCC_EEDM,215548
68006;Analysis;Analysis;easee:VCC_EEDM,357111
68007;Analysis;Analysis;easee:VCC_EEDM,215555
68008;Test;Test;easee:VCC_EEDM,215558
68009;Test;Test;easee:VCC_EEDM,215566
68010;Test;Test;easee:VCC_EEDM,215568
68011;Analysis;Analysis;easee:VCC_EEDM,215570
68012;Analysis;Analysis;easee:VCC_EEDM,215574
68013;Test;Test;easee:VCC_EEDM,215578
68014;Analysis;Analysis;easee:VCC_EEDM,215580
68015;Test;Test;easee:VCC_EEDM,215584
68016;Analysis;Analysis;easee:VCC_EEDM,215588
68017;Test;Test;easee:VCC_EEDM,215590
68018;Analysis;Analysis;easee:VCC_EEDM,215592
68019;Test;Test;easee:VCC_EEDM,215594
68020;Analysis;Analysis;easee:VCC_EEDM,215596
68021;Test;Test;easee:VCC_EEDM,215598
68022;Test;Test;easee:VCC_EEDM,215600
68023;Analysis;Analysis;easee:VCC_EEDM,215602
68024;Test;Test;easee:VCC_EEDM,215604
68025;Test;Test;easee:VCC_EEDM,215606
68026;Test;Test;easee:VCC_EEDM,215608
68027;Analysis;Analysis;easee:VCC_EEDM,215610
68028;Test;Test;easee:VCC_EEDM,215612
68041;Analysis;Analysis;easee:VCC_EEDM,215618
68042;Test;Test;easee:VCC_EEDM,215620
68061;Analysis;Analysis;easee:VCC_EEDM,357116
68062;Analysis;Analysis;easee:VCC_EEDM,215640
68063;Test;Test;easee:VCC_EEDM,215642
68064;Test;Test;easee:VCC_EEDM,215644
68065;Test;Test;easee:VCC_EEDM,215648
68066;Analysis;Analysis;easee:VCC_EEDM,215652
68067;Test;Test;easee:VCC_EEDM,215654
68081;Test;Test;easee:VCC_EEDM,215658
68082;Analysis;Analysis;easee:VCC_EEDM,215660
68083;Test;Test;easee:VCC_EEDM,215664
68084;Analysis;Analysis;easee:VCC_EEDM,215670
68085;Test;Test;easee:VCC_EEDM,215680
68172;Test - Use VCC Test Description;Test - Use VCC Test Description;easee:VCC_EEDM,215908
68173;Test - Use VCC Test Description;Test - Use VCC Test Description;easee:VCC_EEDM,729245
68175;Test - Use VCC Test Description;-;-
68176;Test - Use VCC Test Description;-;-
68177;Test - Use VCC Test Description;Test - Use VCC Test Description;easee:VCC_EEDM,215928
68178;Test - Use VCC Test Description;Test - Use VCC Test Description;easee:VCC_EEDM,357165
68182;Test;Test;easee:VCC_EEDM,357377
68183;Test;Test;easee:VCC_EEDM,9678410
68189;Test - Use VCC Test Description;Test - Use VCC Test Description;easee:VCC_EEDM,3213265
68190;Test - Use VCC Test Description;Test - Use VCC Test Description;easee:VCC_EEDM,3213267
68191;Test - Use VCC Test Description;Test - Use VCC Test Description;easee:VCC_EEDM,3213270
68192;Test - Use VCC Test Description;Test - Use VCC Test Description;easee:VCC_EEDM,9678425
68194;Test;Test;easee:VCC_EEDM,3215902
68195;Test;Test;easee:VCC_EEDM,3215904
68197;Test;Test;easee:VCC_EEDM,379283
68199;Test;Test;easee:VCC_EEDM,215970
68200;Test - Use VCC Test Description;Test - Use VCC Test Description;easee:VCC_EEDM,3215910
68201;Test - Use VCC Test Description;Test - Use VCC Test Description;easee:VCC_EEDM,3215912
68202;Test - Use VCC Test Description;Test - Use VCC Test Description;easee:VCC_EEDM,3215921
68203;Test - Use VCC Test Description;Test - Use VCC Test Description;easee:VCC_EEDM,11662747
68204;Test - Use VCC Test Description;Test - Use VCC Test Description;easee:VCC_EEDM,435191
68207;Test - Use VCC Test Description;Test - Use VCC Test Description;easee:VCC_EEDM,5017705
68208;Test - Use VCC Test Description;Test - Use VCC Test Description;easee:VCC_EEDM,3215927
68214;Analysis;Analysis;easee:VCC_EEDM,9637671
68225;Test - Use VCC Test Description;Test - Use VCC Test Description;easee:VCC_EEDM,3215906
68226;Test - Use VCC Test Description;Test - Use VCC Test Description;easee:VCC_EEDM,3215908
68227;Test;Test;easee:VCC_EEDM,216035
68228;Test;Test;easee:VCC_EEDM,216038
68230;Test - Use VCC Test Description;Test - Use VCC Test Description;easee:VCC_EEDM,362106
68231;Test - Use VCC Test Description;Test - Use VCC Test Description;easee:VCC_EEDM,362110
68239;Test - Use VCC Test Description;Test - Use VCC Test Description;easee:VCC_EEDM,13090252
68241;Test - Use VCC Test Description;Test - Use VCC Test Description;easee:VCC_EEDM,3870743
68262;Analysis;Analysis;easee:VCC_EEDM,370352
68264;Test;Test;easee:VCC_EEDM,3935770
68265;Analysis;Analysis;easee:VCC_EEDM,216158
68266;Analysis;Analysis;easee:VCC_EEDM,216162
68267;Analysis;Analysis;easee:VCC_EEDM,362167
68270;Analysis;Analysis;easee:VCC_EEDM,12490929
68271;Analysis;Analysis;easee:VCC_EEDM,12490934
68885;Analysis;Analysis;easee:VCC_EEDM,2991486
68886;Analysis;Analysis;easee:VCC_EEDM,4042470
68887;Test;Test;easee:VCC_EEDM,3932363
68888;Test;Test;easee:VCC_EEDM,3932366
68889;Test;Test;easee:VCC_EEDM,3932368
68890;Test;Test;easee:VCC_EEDM,217843
68891;Test;Test;easee:VCC_EEDM,430334
68892;Analysis;Analysis;easee:VCC_EEDM,362454
68893;Analysis;Analysis;easee:VCC_EEDM,362488
68894;Analysis;Analysis;easee:VCC_EEDM,362863
68895;Test;Test;easee:VCC_EEDM,362865
68897;Analysis;Analysis;easee:VCC_EEDM,1999403
68898;Analysis;Analysis;easee:VCC_EEDM,217860
68899;Analysis;Analysis;easee:VCC_EEDM,217862
68900;Analysis;Analysis;easee:VCC_EEDM,217864
68901;Test;Test;easee:VCC_EEDM,217866
68902;Analysis;Analysis;easee:VCC_EEDM,217869
68903;Analysis;Analysis;easee:VCC_EEDM,217871
68904;Analysis;Analysis;easee:VCC_EEDM,217873
68905;Analysis;Analysis;easee:VCC_EEDM,217875
68906;Test;Test;easee:VCC_EEDM,217877
68907;Analysis;Analysis;easee:VCC_EEDM,217879
68908;Test;Test;easee:VCC_EEDM,217881
68909;Analysis;Analysis;easee:VCC_EEDM,217883
68910;Analysis;Analysis;easee:VCC_EEDM,217885
68911;Analysis;Analysis;easee:VCC_EEDM,217887
68912;Test;Test;easee:VCC_EEDM,217889
68913;Analysis;Analysis;easee:VCC_EEDM,217891
68914;Test;Test;easee:VCC_EEDM,217893
68915;Analysis;Analysis;easee:VCC_EEDM,217895
68916;Test;Test;easee:VCC_EEDM,217897
68917;Test;Test;easee:VCC_EEDM,217899
68918;Analysis;Analysis;easee:VCC_EEDM,217901
68919;Analysis;Analysis;easee:VCC_EEDM,217903
68920;Analysis;Analysis;easee:VCC_EEDM,217905
68922;Test;Test;easee:VCC_EEDM,217909
68923;Analysis;Analysis;easee:VCC_EEDM,217920
68924;Test;Test;easee:VCC_EEDM,217932
68941;Analysis;Analysis;easee:VCC_EEDM,217938
68961;Analysis;Analysis;easee:VCC_EEDM,217978
68962;Analysis;Analysis;easee:VCC_EEDM,1999406
68963;Analysis;Analysis;easee:VCC_EEDM,217982
68964;Test;Test;easee:VCC_EEDM,217984
68965;Test;Test;easee:VCC_EEDM,217986
68966;Analysis;Analysis;easee:VCC_EEDM,217988
69006;Test;Test;easee:VCC_EEDM,218233
69021;Analysis;Analysis;easee:VCC_EEDM,218238
69022;Analysis;Analysis;easee:VCC_EEDM,218242
69023;Test;Test;easee:VCC_EEDM,218264
69024;Analysis;Analysis;easee:VCC_EEDM,218266
69025;Analysis;Analysis;easee:VCC_EEDM,218286
69518;Test;Test;easee:VCC_EEDM,379511
69521;Test;Test;easee:VCC_EEDM,2395654
69523;Analysis;Analysis;easee:VCC_EEDM,4534715
69525;Test;Test;easee:VCC_EEDM,219641
69527;Test;Test;easee:VCC_EEDM,219646
69528;Test;Test;easee:VCC_EEDM,219648
69531;Test;Test;easee:VCC_EEDM,219654
69532;Test;Test;easee:VCC_EEDM,219657
69540;Analysis;Analysis;easee:VCC_EEDM,362869
69547;Analysis;Analysis;easee:VCC_EEDM,362871
69551;Test;Test;easee:VCC_EEDM,219696
69554;Analysis;Analysis;easee:VCC_EEDM,219702
69556;Analysis;Analysis;easee:VCC_EEDM,219707
69557;Analysis;Analysis;easee:VCC_EEDM,219709
69558;Test;Test;easee:VCC_EEDM,219712
69560;Analysis;Analysis;easee:VCC_EEDM,219717
69561;Analysis;Analysis;easee:VCC_EEDM,219719
69562;Analysis;Analysis;easee:VCC_EEDM,219721
69564;Analysis;Analysis;easee:VCC_EEDM,362873
69565;Analysis;Analysis;easee:VCC_EEDM,219728
69571;Analysis;Analysis;easee:VCC_EEDM,219746
69572;Analysis;Analysis;easee:VCC_EEDM,219748
69573;Analysis;Analysis;easee:VCC_EEDM,219751
69575;Analysis;Analysis;easee:VCC_EEDM,362875
69576;Analysis;Analysis;easee:VCC_EEDM,219758
69581;Analysis;Analysis;easee:VCC_EEDM,219762
69584;Analysis;Analysis;easee:VCC_EEDM,219767
69588;Analysis;Analysis;easee:VCC_EEDM,219778
69590;Analysis;Analysis;easee:VCC_EEDM,219782
69595;Analysis;Analysis;easee:VCC_EEDM,219792
69596;Analysis;Analysis;easee:VCC_EEDM,219794
69601;Analysis;Analysis;easee:VCC_EEDM,219798
69602;Analysis;Analysis;easee:VCC_EEDM,219800
69605;Analysis;Analysis;easee:VCC_EEDM,219806
69608;Analysis;Analysis;easee:VCC_EEDM,219815
69610;Analysis;Analysis;easee:VCC_EEDM,219821
69611;Analysis;Analysis;easee:VCC_EEDM,219823
69612;Analysis;Analysis;easee:VCC_EEDM,219826
69628;Test;Test;easee:VCC_EEDM,219907
69631;Test;Test;easee:VCC_EEDM,219917
69639;Analysis;Analysis;easee:VCC_EEDM,219936
69642;Analysis;Analysis;easee:VCC_EEDM,219945
69644;Analysis;Analysis;easee:VCC_EEDM,219952
69647;Test;Test;easee:VCC_EEDM,219960
69648;Test;Test;easee:VCC_EEDM,219962
69652;Analysis;Analysis;easee:VCC_EEDM,219971
69653;Analysis;Analysis;easee:VCC_EEDM,219973
69657;Analysis;Analysis;easee:VCC_EEDM,219983
69658;Test;Test;easee:VCC_EEDM,219987
69659;Test;Test;easee:VCC_EEDM,219990
69660;Analysis;Analysis;easee:VCC_EEDM,219999
69661;Analysis;Analysis;easee:VCC_EEDM,220003
69662;Analysis;Analysis;easee:VCC_EEDM,220005
69663;Test;Test;easee:VCC_EEDM,220007
69664;Test;Test;easee:VCC_EEDM,220009
69665;Analysis;Analysis;easee:VCC_EEDM,220011
69666;Analysis;Analysis;easee:VCC_EEDM,220022
69667;Analysis;Analysis;easee:VCC_EEDM,220028
69668;Analysis;Analysis;easee:VCC_EEDM,220031
69669;Analysis;Analysis;easee:VCC_EEDM,220036
69670;Analysis;Analysis;easee:VCC_EEDM,220038
69701;Test;Test;easee:VCC_EEDM,220123
69702;Test;Test;easee:VCC_EEDM,220131
69703;Analysis;Analysis;easee:VCC_EEDM,220133
69704;Analysis;Analysis;easee:VCC_EEDM,220135
69705;Test;-;-
69721;Test;-;-
69723;Test;-;-
69724;Test;-;-
69741;Test;-;-
69743;Test;-;-
69762;Test;-;-
69801;Test;-;-
69802;Analysis;-;-
69803;Analysis;-;-
70745;Analysis;-;-
70761;Test;-;-
70766;Test;-;-
70769;Test;-;-
70771;Test;-;-
70774;Test;-;-
70784;Test;-;-
70785;Analysis;-;-
70787;Analysis;-;-
70790;Analysis;-;-
70793;Test;-;-
70795;Test;-;-
70796;Test;-;-
70802;Test;-;-
70804;Test;-;-
70809;Test;-;-
70818;Test;-;-
70819;Analysis;-;-
70821;Analysis;-;-
70822;Analysis;-;-
70823;;-;-
70825;Test;-;-
70827;Test;-;-
70829;Test;-;-
70831;Test;-;-
70832;Test;-;-
70833;Test;-;-
70834;Analysis;-;-
70835;Analysis;-;-
70837;Analysis;-;-
70838;Analysis;Analysis;easee:VCC_EEDM,545880
70839;Analysis;Analysis;easee:VCC_EEDM,226935
70840;Analysis;Analysis;easee:VCC_EEDM,4158105
70841;Analysis;Analysis;easee:VCC_EEDM,226941
70842;Analysis;Analysis;easee:VCC_EEDM,226945
70843;Analysis;Analysis;easee:VCC_EEDM,226950
70844;Analysis;Analysis;easee:VCC_EEDM,226953
70845;Analysis;Analysis;easee:VCC_EEDM,226957
70867;Test;Test;easee:VCC_EEDM,226975
70869;Analysis;Analysis;easee:VCC_EEDM,226996
70872;Analysis;Analysis;easee:VCC_EEDM,12490963
70875;Analysis;Analysis;easee:VCC_EEDM,227008
70877;Analysis;Analysis;easee:VCC_EEDM,227012
70878;Test;Test;easee:VCC_EEDM,227031
71423;Analysis;Analysis;easee:VCC_EEDM,231051
71743;Analysis;Analysis;easee:VCC_EEDM,12490965
71744;Analysis;Analysis;easee:VCC_EEDM,232202
71745;Analysis;Analysis;easee:VCC_EEDM,232204
71746;Test;Test;easee:VCC_EEDM,232206
71747;Analysis;Analysis;easee:VCC_EEDM,232208
71748;Analysis;Analysis;easee:VCC_EEDM,12490969
71750;Analysis;Analysis;easee:VCC_EEDM,232215
71752;Test;Test;easee:VCC_EEDM,2004956
71753;Analysis;Analysis;easee:VCC_EEDM,2005047
71754;Analysis;Analysis;easee:VCC_EEDM,12490973
71755;Analysis;Analysis;easee:VCC_EEDM,2004943
71757;Analysis;Analysis;easee:VCC_EEDM,9672448
71760;Analysis;Analysis;easee:VCC_EEDM,9672450
71762;Analysis;Analysis;easee:VCC_EEDM,9672452
71764;Analysis;Analysis;easee:VCC_EEDM,9672454
71767;Test;Test;easee:VCC_EEDM,232252
71769;Analysis;Analysis;easee:VCC_EEDM,232256
71773;Analysis;Analysis;easee:VCC_EEDM,232264
71777;Analysis;Analysis;easee:VCC_EEDM,232272
71779;Test;Test;easee:VCC_EEDM,232276
71781;Analysis;Analysis;easee:VCC_EEDM,232280
71782;Analysis;Analysis;easee:VCC_EEDM,232282
71783;Analysis;Analysis;easee:VCC_EEDM,232284
71785;Test;Test;easee:VCC_EEDM,232288
71787;Analysis;Analysis;easee:VCC_EEDM,232292
71788;Analysis;Analysis;easee:VCC_EEDM,232294
71790;Analysis;Analysis;easee:VCC_EEDM,232298
71792;Test;Test;easee:VCC_EEDM,232302
71794;Analysis;Analysis;easee:VCC_EEDM,362983
71796;Analysis;Analysis;easee:VCC_EEDM,362987
71797;Analysis;Analysis;easee:VCC_EEDM,232312
71801;Analysis;Analysis;easee:VCC_EEDM,9676318
71815;Test;Test;easee:VCC_EEDM,12489943
71823;Test;Test;easee:VCC_EEDM,371999
71824;Test;Test;easee:VCC_EEDM,692244
71827;Test;Test;easee:VCC_EEDM,12489929
71828;Test;Test;easee:VCC_EEDM,372014
71829;Test;Test;easee:VCC_EEDM,372018
71830;Test;Test;easee:VCC_EEDM,372021
71831;Test;Test;easee:VCC_EEDM,372023
71837;Analysis;Analysis;easee:VCC_EEDM,232481
72012;Test;Test;easee:VCC_EEDM,9128823
72017;Test;Test;easee:VCC_EEDM,6434557
72018;Analysis;Analysis;easee:VCC_EEDM,9676342
72019;Test;Test;easee:VCC_EEDM,9676344
72020;Analysis;Analysis;easee:VCC_EEDM,9677175
72021;Analysis;Analysis;easee:VCC_EEDM,9677177
72024;Test;Test;easee:VCC_EEDM,9677179
72026;Test;Test;easee:VCC_EEDM,9677183
72027;Analysis;Analysis;easee:VCC_EEDM,363178
72028;Test;Test;easee:VCC_EEDM,9677189
72030;Test;Test;easee:VCC_EEDM,9677193
72031;Test;Test;easee:VCC_EEDM,9677195
72032;Test;Test;easee:VCC_EEDM,9677444
72033;Test;Test;easee:VCC_EEDM,9677447
72034;Test;Test;easee:VCC_EEDM,9677451
72035;Test;Test;easee:VCC_EEDM,12079094
72036;Test;Test;easee:VCC_EEDM,9128827
72038;Test;Test;easee:VCC_EEDM,9677460
72039;Test;Test;easee:VCC_EEDM,9677462
72041;Test;Test;easee:VCC_EEDM,9677464
72042;Test;Test;easee:VCC_EEDM,9677466
72063;Test;Test;easee:VCC_EEDM,9129333
72064;Test;Test;easee:VCC_EEDM,9129398
72065;Test;Test;easee:VCC_EEDM,9129415
72066;Test;Test;easee:VCC_EEDM,9129420
72067;Test;Test;easee:VCC_EEDM,9129426
72069;Test;Test;easee:VCC_EEDM,9130248
72070;Analysis;Analysis;easee:VCC_EEDM,9130225
72071;Test;Test;easee:VCC_EEDM,9129923
72072;Analysis;Analysis;easee:VCC_EEDM,372055
72073;Test;Test;easee:VCC_EEDM,363565
72074;Test;Test;easee:VCC_EEDM,363569
72081;Test;Test;easee:VCC_EEDM,658742
72083;Test;Test;easee:VCC_EEDM,236146
72084;Test;Test;easee:VCC_EEDM,236153
72085;Test;Test;easee:VCC_EEDM,236155
72121;Test;Test;easee:VCC_EEDM,363573
72141;Test;Test;easee:VCC_EEDM,9262447
72146;Test;Test;easee:VCC_EEDM,363600
72148;Test;Test;easee:VCC_EEDM,9678109
72152;Test;Test;easee:VCC_EEDM,9678112
72154;Test;Test;easee:VCC_EEDM,6498860
72157;Analysis;Analysis;easee:VCC_EEDM,2031024
72158;Test;Test;easee:VCC_EEDM,2031015
72161;Analysis;Analysis;easee:VCC_EEDM,236258
72166;Analysis;Analysis;easee:VCC_EEDM,363620
72168;Test;Test;easee:VCC_EEDM,236278
72169;Test;Test;easee:VCC_EEDM,236280
72170;Test;Test;easee:VCC_EEDM,236282
72177;Test;Test;easee:VCC_EEDM,236308
72181;Test;Test;easee:VCC_EEDM,236316
72183;Test;Test;easee:VCC_EEDM,9678235
72185;Test;Test;easee:VCC_EEDM,236324
72201;Test;Test;easee:VCC_EEDM,236336
72202;Test;Test;easee:VCC_EEDM,4990274
72203;Test;Test;easee:VCC_EEDM,363636
72204;Test;Test;easee:VCC_EEDM,236347
72205;Test;Test;easee:VCC_EEDM,236350
72206;Test;Test;easee:VCC_EEDM,9200976
72214;Test;Test;easee:VCC_EEDM,236373
72217;Test;Test;easee:VCC_EEDM,236380
72220;Test;Test;easee:VCC_EEDM,236387
72221;Test;Test;easee:VCC_EEDM,5209430
74081;Analysis;Analysis;easee:VCC_EEDM,241419
74083;Analysis;Analysis;easee:VCC_EEDM,6382628
74084;Analysis;Analysis;easee:VCC_EEDM,241427
74086;Analysis;Analysis;easee:VCC_EEDM,241432
74088;Analysis;Analysis;easee:VCC_EEDM,241436
74102;Test - Use VCC Test Description;Test - Use VCC Test Description;easee:VCC_EEDM,6382724
74104;Test;-;-
74105;Analysis;Analysis;easee:VCC_EEDM,6382748
74106;Analysis;-;-
74107;Test;Test;easee:VCC_EEDM,3901030
74108;Test;Test;easee:VCC_EEDM,352626
74109;Test - Use VCC Test Description;Test - Use VCC Test Description;easee:VCC_EEDM,352630
74110;Analysis;Analysis;easee:VCC_EEDM,2212867
74112;Test - Use VCC Test Description;Test - Use VCC Test Description;easee:VCC_EEDM,6381538
74114;Test - Use VCC Test Description;Test - Use VCC Test Description;easee:VCC_EEDM,241489
74115;Test - Use VCC Test Description;Test - Use VCC Test Description;easee:VCC_EEDM,241491
74116;Test - Use VCC Test Description;Test - Use VCC Test Description;easee:VCC_EEDM,2299400
74118;Test - Use VCC Test Description;Test - Use VCC Test Description;easee:VCC_EEDM,406042
74119;Test - Use VCC Test Description;Test - Use VCC Test Description;easee:VCC_EEDM,241499
74120;Test - Use VCC Test Description;Test - Use VCC Test Description;easee:VCC_EEDM,2299411
74121;Test - Use VCC Test Description;Test - Use VCC Test Description;easee:VCC_EEDM,241504
74122;Test - Use VCC Test Description;Test - Use VCC Test Description;easee:VCC_EEDM,241508
74123;Test - Use VCC Test Description;Test - Use VCC Test Description;easee:VCC_EEDM,241510
74124;Test - Use VCC Test Description;Test - Use VCC Test Description;easee:VCC_EEDM,406063
74125;Test - Use VCC Test Description;Test - Use VCC Test Description;easee:VCC_EEDM,241516
74126;Test - Use VCC Test Description;Test - Use VCC Test Description;easee:VCC_EEDM,241518
74127;Test - Use VCC Test Description;Test - Use VCC Test Description;easee:VCC_EEDM,2189734
74128;Test - Use VCC Test Description;Test - Use VCC Test Description;easee:VCC_EEDM,3992073
74130;Test - Use VCC Test Description;Test - Use VCC Test Description;easee:VCC_EEDM,241542
74131;Test;Test;easee:VCC_EEDM,503773
74133;Test;Test;easee:VCC_EEDM,241553
74134;Test - Use VCC Test Description;Test - Use VCC Test Description;easee:VCC_EEDM,241555
74135;Test;Test;easee:VCC_EEDM,241559
74140;Test - Use VCC Test Description;Test - Use VCC Test Description;easee:VCC_EEDM,241570
74141;Test;Test;easee:VCC_EEDM,9112632
74142;Test;Test;easee:VCC_EEDM,9112985
74143;Test;Test;easee:VCC_EEDM,241576
74144;Test;Test;easee:VCC_EEDM,241581
74145;Test;Test;easee:VCC_EEDM,241584
74146;Test;Test;easee:VCC_EEDM,241587
74147;Test;Test;easee:VCC_EEDM,9113241
74149;Test;Test;easee:VCC_EEDM,241599
74150;Test;Test;easee:VCC_EEDM,241601
74152;Test;Test;easee:VCC_EEDM,241606
74153;Test;Test;easee:VCC_EEDM,241609
74154;Test;Test;easee:VCC_EEDM,241612
74155;Test;Test;easee:VCC_EEDM,9142150
74156;Test;Test;easee:VCC_EEDM,9142154
74157;Test;Test;easee:VCC_EEDM,241619
74158;Test;Test;easee:VCC_EEDM,241623
74159;Test;Test;easee:VCC_EEDM,241627
74160;Test;Test;easee:VCC_EEDM,397973
74161;Test;Test;easee:VCC_EEDM,241632
74162;Test;Test;easee:VCC_EEDM,241636
74163;Test;Test;easee:VCC_EEDM,241638
74164;Test;Test;easee:VCC_EEDM,4900738
74165;Test;Test;easee:VCC_EEDM,241642
74166;Test;Test;easee:VCC_EEDM,2211427
74167;Test;Test;easee:VCC_EEDM,241648
74169;Test;Test;easee:VCC_EEDM,241652
74170;Test;Test;easee:VCC_EEDM,241656
74172;Test;Test;easee:VCC_EEDM,241662
74173;Test;Test;easee:VCC_EEDM,241665
74174;Test;Test;easee:VCC_EEDM,241667
74175;Test;Test;easee:VCC_EEDM,241669
74176;Test;Test;easee:VCC_EEDM,241671
74177;Test;Test;easee:VCC_EEDM,241674
74179;Test;Test;easee:VCC_EEDM,241681
74180;Test;Test;easee:VCC_EEDM,241683
74182;Test;Test;easee:VCC_EEDM,241687
74183;Test;Test;easee:VCC_EEDM,241689
74184;Test;Test;easee:VCC_EEDM,241692
74450;Test;Test;easee:VCC_EEDM,6469123
74452;Test;Test;easee:VCC_EEDM,250180
74454;Test;Test;easee:VCC_EEDM,6469131
74455;Test;Test;easee:VCC_EEDM,250188
74456;Test;Test;easee:VCC_EEDM,250191
74458;Test;Test;easee:VCC_EEDM,250196
74459;Test;Test;easee:VCC_EEDM,250199
74460;Test;Test;easee:VCC_EEDM,250201
74461;Test;Test;easee:VCC_EEDM,250203
74462;Test;Test;easee:VCC_EEDM,6469133
74463;Test;Test;easee:VCC_EEDM,6469135
74465;Test;Test;easee:VCC_EEDM,6469137
74466;Test;Test;easee:VCC_EEDM,250215
74467;Test;Test;easee:VCC_EEDM,250217
74468;Test;Test;easee:VCC_EEDM,6469139
74472;Test;Test;easee:VCC_EEDM,6469141
74474;Test;Test;easee:VCC_EEDM,250234
74475;Test;Test;easee:VCC_EEDM,250236
74476;Test;Test;easee:VCC_EEDM,250238
74477;Test;Test;easee:VCC_EEDM,250241
74479;Test;Test;easee:VCC_EEDM,369066
74480;Test - Use VCC Test Description;Test - Use VCC Test Description;easee:VCC_EEDM,369068
74483;Test - Use VCC Test Description;Test - Use VCC Test Description;easee:VCC_EEDM,369070
74485;Test - Use VCC Test Description;Test - Use VCC Test Description;easee:VCC_EEDM,369074
74486;Test;Test;easee:VCC_EEDM,369076
74487;Test;Test;easee:VCC_EEDM,369079
74488;Test;Test;easee:VCC_EEDM,369082
74490;Test - Use VCC Test Description;Test - Use VCC Test Description;easee:VCC_EEDM,369084
74491;Test;Test;easee:VCC_EEDM,369086
74492;Test - Use VCC Test Description;Test - Use VCC Test Description;easee:VCC_EEDM,369088
74493;Test;Test;easee:VCC_EEDM,369090
74494;Test - Use VCC Test Description;Test - Use VCC Test Description;easee:VCC_EEDM,369092
74495;Test - Use VCC Test Description;Test - Use VCC Test Description;easee:VCC_EEDM,369095
74496;Test - Use VCC Test Description;Test - Use VCC Test Description;easee:VCC_EEDM,369097
74497;Test;Test;easee:VCC_EEDM,2211415
74498;Test - Use VCC Test Description;Test - Use VCC Test Description;easee:VCC_EEDM,369119
74499;Test - Use VCC Test Description;Test - Use VCC Test Description;easee:VCC_EEDM,369121
74500;Test - Use VCC Test Description;Test - Use VCC Test Description;easee:VCC_EEDM,369123
74501;Test - Use VCC Test Description;Test - Use VCC Test Description;easee:VCC_EEDM,369125
74502;Test - Use VCC Test Description;Test - Use VCC Test Description;easee:VCC_EEDM,369127
74506;Test;Test;easee:VCC_EEDM,250306
74507;Test;Test;easee:VCC_EEDM,674301
74510;Test - Use VCC Test Description;Test - Use VCC Test Description;easee:VCC_EEDM,674486
76123;Test - Use VCC Test Description;Test - Use VCC Test Description;easee:VCC_EEDM,432859
76132;Test - Use VCC Test Description;Test - Use VCC Test Description;easee:VCC_EEDM,388489
76133;Test - Use VCC Test Description;Test - Use VCC Test Description;easee:VCC_EEDM,432863
76134;Test - Use VCC Test Description;Test - Use VCC Test Description;easee:VCC_EEDM,254023
76136;Test - Use VCC Test Description;Test - Use VCC Test Description;easee:VCC_EEDM,254027
76139;Test - Use VCC Test Description;Test - Use VCC Test Description;easee:VCC_EEDM,2211903
76140;Test - Use VCC Test Description;Test - Use VCC Test Description;easee:VCC_EEDM,254046
76141;Test - Use VCC Test Description;Test - Use VCC Test Description;easee:VCC_EEDM,432873
76142;Test - Use VCC Test Description;Test - Use VCC Test Description;easee:VCC_EEDM,7299194
76144;Test - Use VCC Test Description;Test - Use VCC Test Description;easee:VCC_EEDM,7299199
76162;Test - Use VCC Test Description;Test - Use VCC Test Description;easee:VCC_EEDM,2577199
76163;Test - Use VCC Test Description;Test - Use VCC Test Description;easee:VCC_EEDM,7299222
76164;Test - Use VCC Test Description;Test - Use VCC Test Description;easee:VCC_EEDM,7299211
76165;Test - Use VCC Test Description;Test - Use VCC Test Description;easee:VCC_EEDM,7299218
76166;Test - Use VCC Test Description;Test - Use VCC Test Description;easee:VCC_EEDM,7299226
76167;Test - Use VCC Test Description;Test - Use VCC Test Description;easee:VCC_EEDM,7299228
76168;Test - Use VCC Test Description;Test - Use VCC Test Description;easee:VCC_EEDM,7299230
76169;Test - Use VCC Test Description;Test - Use VCC Test Description;easee:VCC_EEDM,391552
76170;Test - Use VCC Test Description;Test - Use VCC Test Description;easee:VCC_EEDM,432881
76171;Test - Use VCC Test Description;Test - Use VCC Test Description;easee:VCC_EEDM,2299336
76172;Test - Use VCC Test Description;Test - Use VCC Test Description;easee:VCC_EEDM,254180
76173;Test - Use VCC Test Description;Test - Use VCC Test Description;easee:VCC_EEDM,254183
76177;Test - Use VCC Test Description;Test - Use VCC Test Description;easee:VCC_EEDM,254197
76421;Test - Use VCC Test Description;Test - Use VCC Test Description;easee:VCC_EEDM,254822
76441;Test - Use VCC Test Description;Test - Use VCC Test Description;easee:VCC_EEDM,254829
76442;Test - Use VCC Test Description;Test - Use VCC Test Description;easee:VCC_EEDM,368768
76443;Test - Use VCC Test Description;Test - Use VCC Test Description;easee:VCC_EEDM,254842
76444;Test - Use VCC Test Description;Test - Use VCC Test Description;easee:VCC_EEDM,254844
76445;Test - Use VCC Test Description;Test - Use VCC Test Description;easee:VCC_EEDM,254848
76446;Test - Use VCC Test Description;Test - Use VCC Test Description;easee:VCC_EEDM,368779
76447;Test - Use VCC Test Description;Test - Use VCC Test Description;easee:VCC_EEDM,254852
76448;Test - Use VCC Test Description;Test - Use VCC Test Description;easee:VCC_EEDM,399343
76449;Test - Use VCC Test Description;Test - Use VCC Test Description;easee:VCC_EEDM,353156
76450;Test - Use VCC Test Description;Test - Use VCC Test Description;easee:VCC_EEDM,254858
76461;Test - Use VCC Test Description;Test - Use VCC Test Description;easee:VCC_EEDM,254861
76462;Test - Use VCC Test Description;Test - Use VCC Test Description;easee:VCC_EEDM,254865
76463;Test - Use VCC Test Description;Test - Use VCC Test Description;easee:VCC_EEDM,254870
76464;Test - Use VCC Test Description;Test - Use VCC Test Description;easee:VCC_EEDM,254872
76465;Test - Use VCC Test Description;Test - Use VCC Test Description;easee:VCC_EEDM,254874
76466;Test - Use VCC Test Description;Test - Use VCC Test Description;easee:VCC_EEDM,254878
76467;Test - Use VCC Test Description;Test - Use VCC Test Description;easee:VCC_EEDM,254880
76468;Test - Use VCC Test Description;Test - Use VCC Test Description;easee:VCC_EEDM,254882
76469;Test - Use VCC Test Description;Test - Use VCC Test Description;easee:VCC_EEDM,254886
76481;Test - Use VCC Test Description;Test - Use VCC Test Description;easee:VCC_EEDM,254900
76482;Test - Use VCC Test Description;Test - Use VCC Test Description;easee:VCC_EEDM,254946
76484;Test - Use VCC Test Description;Test - Use VCC Test Description;easee:VCC_EEDM,254966
76485;Test - Use VCC Test Description;Test - Use VCC Test Description;easee:VCC_EEDM,353170
76486;Test - Use VCC Test Description;Test - Use VCC Test Description;easee:VCC_EEDM,5023924
76487;Test - Use VCC Test Description;Test - Use VCC Test Description;easee:VCC_EEDM,254974
76488;Test - Use VCC Test Description;Test - Use VCC Test Description;easee:VCC_EEDM,254977
76489;Test - Use VCC Test Description;Test - Use VCC Test Description;easee:VCC_EEDM,254981
76490;Test - Use VCC Test Description;Test - Use VCC Test Description;easee:VCC_EEDM,254983
76491;Test - Use VCC Test Description;Test - Use VCC Test Description;easee:VCC_EEDM,254985
76493;Test - Use VCC Test Description;Test - Use VCC Test Description;easee:VCC_EEDM,254989
76494;Test - Use VCC Test Description;Test - Use VCC Test Description;easee:VCC_EEDM,254991
76495;Test - Use VCC Test Description;Test - Use VCC Test Description;easee:VCC_EEDM,254993
76496;Test - Use VCC Test Description;Test - Use VCC Test Description;easee:VCC_EEDM,255040
76497;Test - Use VCC Test Description;Test - Use VCC Test Description;easee:VCC_EEDM,2886272
76498;Test - Use VCC Test Description;Test - Use VCC Test Description;easee:VCC_EEDM,2886274
76499;Test - Use VCC Test Description;Test - Use VCC Test Description;easee:VCC_EEDM,255046
76500;Test - Use VCC Test Description;Test - Use VCC Test Description;easee:VCC_EEDM,368791
76501;Test - Use VCC Test Description;Test - Use VCC Test Description;easee:VCC_EEDM,255051
76502;Test - Use VCC Test Description;Test - Use VCC Test Description;easee:VCC_EEDM,255053
76503;Test - Use VCC Test Description;Test - Use VCC Test Description;easee:VCC_EEDM,368803
76504;Test - Use VCC Test Description;Test - Use VCC Test Description;easee:VCC_EEDM,368799
76505;Test - Use VCC Test Description;Test - Use VCC Test Description;easee:VCC_EEDM,255074
76506;Test - Use VCC Test Description;Test - Use VCC Test Description;easee:VCC_EEDM,255076
76508;Test - Use VCC Test Description;Test - Use VCC Test Description;easee:VCC_EEDM,368807
76509;Test - Use VCC Test Description;Test - Use VCC Test Description;easee:VCC_EEDM,255096
76510;Test - Use VCC Test Description;Test - Use VCC Test Description;easee:VCC_EEDM,255100
76512;Test - Use VCC Test Description;Test - Use VCC Test Description;easee:VCC_EEDM,255104
76513;Test;Test;easee:VCC_EEDM,694848
76514;Test - Use VCC Test Description;Test - Use VCC Test Description;easee:VCC_EEDM,255109
76515;Test - Use VCC Test Description;Test - Use VCC Test Description;easee:VCC_EEDM,9113393
76517;Test - Use VCC Test Description;Test - Use VCC Test Description;easee:VCC_EEDM,368819
76519;Test - Use VCC Test Description;Test - Use VCC Test Description;easee:VCC_EEDM,368823
76520;Test - Use VCC Test Description;Test - Use VCC Test Description;easee:VCC_EEDM,255124
76522;Test - Use VCC Test Description;Test - Use VCC Test Description;easee:VCC_EEDM,255151
76524;Test - Use VCC Test Description;Test - Use VCC Test Description;easee:VCC_EEDM,255164
76525;Test - Use VCC Test Description;Test - Use VCC Test Description;easee:VCC_EEDM,255166
76526;Analysis;Analysis;easee:VCC_EEDM,427398
76527;Test - Use VCC Test Description;Test - Use VCC Test Description;easee:VCC_EEDM,368839
76528;Analysis;-;-
76529;Test - Use VCC Test Description;Test - Use VCC Test Description;easee:VCC_EEDM,255176
76530;Test - Use VCC Test Description;Test - Use VCC Test Description;easee:VCC_EEDM,255185
76532;Test - Use VCC Test Description;Test - Use VCC Test Description;easee:VCC_EEDM,354329
76533;Test - Use VCC Test Description;Test - Use VCC Test Description;easee:VCC_EEDM,255207
76535;Test - Use VCC Test Description;Test - Use VCC Test Description;easee:VCC_EEDM,255211
76539;Analysis;Analysis;easee:VCC_EEDM,7694082
76540;Test - Use VCC Test Description;Test - Use VCC Test Description;easee:VCC_EEDM,255229
76541;Test - Use VCC Test Description;Test - Use VCC Test Description;easee:VCC_EEDM,255232
76542;Analysis;Analysis;easee:VCC_EEDM,7694080
76543;Analysis;-;-
76544;Test - Use VCC Test Description;Test - Use VCC Test Description;easee:VCC_EEDM,255240
76545;Test - Use VCC Test Description;Test - Use VCC Test Description;easee:VCC_EEDM,13231425
76547;Test - Use VCC Test Description;Test - Use VCC Test Description;easee:VCC_EEDM,6683455
76548;Test - Use VCC Test Description;Test - Use VCC Test Description;easee:VCC_EEDM,255272
76550;Test - Use VCC Test Description;-;-
76551;Test - Use VCC Test Description;Test - Use VCC Test Description;easee:VCC_EEDM,13221342
76561;Test - Use VCC Test Description;Test - Use VCC Test Description;easee:VCC_EEDM,388894
76582;Test;Test;easee:VCC_EEDM,2299354
76583;Test;Test;easee:VCC_EEDM,2299358
76584;Test;Test;easee:VCC_EEDM,2299365
76585;Test;Test;easee:VCC_EEDM,6683457
76586;Test;Test;easee:VCC_EEDM,2299374
76587;Test;Test;easee:VCC_EEDM,2299378
76588;Test - Use VCC Test Description;Test - Use VCC Test Description;easee:VCC_EEDM,6468895
76589;Test - Use VCC Test Description;Test - Use VCC Test Description;easee:VCC_EEDM,6468910
76590;Test - Use VCC Test Description;Test - Use VCC Test Description;easee:VCC_EEDM,6468912
76591;Test - Use VCC Test Description;Test - Use VCC Test Description;easee:VCC_EEDM,6468916
76592;Test - Use VCC Test Description;Test - Use VCC Test Description;easee:VCC_EEDM,6468918
76593;Test;Test;easee:VCC_EEDM,6468920
76594;Test - Use VCC Test Description;Test - Use VCC Test Description;easee:VCC_EEDM,6468922
76595;Test;Test;easee:VCC_EEDM,255424
76596;Test - Use VCC Test Description;Test - Use VCC Test Description;easee:VCC_EEDM,255426
76597;Test;Test;easee:VCC_EEDM,11345159
76598;Test;Test;easee:VCC_EEDM,255430
76600;Test - Use VCC Test Description;Test - Use VCC Test Description;easee:VCC_EEDM,255435
76601;Test - Use VCC Test Description;Test - Use VCC Test Description;easee:VCC_EEDM,353181
76602;Test - Use VCC Test Description;Test - Use VCC Test Description;easee:VCC_EEDM,255441
76603;Test - Use VCC Test Description;Test - Use VCC Test Description;easee:VCC_EEDM,255444
76621;Test - Use VCC Test Description;Test - Use VCC Test Description;easee:VCC_EEDM,399391
76622;Test - Use VCC Test Description;Test - Use VCC Test Description;easee:VCC_EEDM,255469
76669;Test - Use VCC Test Description;Test - Use VCC Test Description;easee:VCC_EEDM,255536
76670;Test - Use VCC Test Description;Test - Use VCC Test Description;easee:VCC_EEDM,399396
76671;Test - Use VCC Test Description;Test - Use VCC Test Description;easee:VCC_EEDM,255540
76672;Test - Use VCC Test Description;Test - Use VCC Test Description;easee:VCC_EEDM,255543
76673;Test - Use VCC Test Description;Test - Use VCC Test Description;easee:VCC_EEDM,9242476
76677;Test - Use VCC Test Description;Test - Use VCC Test Description;easee:VCC_EEDM,433010
76679;Test - Use VCC Test Description;Test - Use VCC Test Description;easee:VCC_EEDM,433023
76681;Test - Use VCC Test Description;Test - Use VCC Test Description;easee:VCC_EEDM,433044
76683;Test - Use VCC Test Description;Test - Use VCC Test Description;easee:VCC_EEDM,485524
76685;Test - Use VCC Test Description;Test - Use VCC Test Description;easee:VCC_EEDM,369838
76686;Test - Use VCC Test Description;Test - Use VCC Test Description;easee:VCC_EEDM,433063
76687;Test - Use VCC Test Description;Test - Use VCC Test Description;easee:VCC_EEDM,433067
76688;Test - Use VCC Test Description;Test - Use VCC Test Description;easee:VCC_EEDM,433071
76690;Test - Use VCC Test Description;Test - Use VCC Test Description;easee:VCC_EEDM,485513
76691;Test;Test;easee:VCC_EEDM,433077
76692;Test;Test;easee:VCC_EEDM,433080
76693;Test;Test;easee:VCC_EEDM,433082
76694;Test;Test;easee:VCC_EEDM,433084
76695;Test - Use VCC Test Description;Test - Use VCC Test Description;easee:VCC_EEDM,433088
76696;Test;Test;easee:VCC_EEDM,5213746
76697;Test;Test;easee:VCC_EEDM,7161945
76698;Test;Test;easee:VCC_EEDM,9242481
77275;Analysis;Analysis;easee:VCC_EEDM,11196229
77743;Analysis;Analysis;easee:VCC_EEDM,691311
81843;Test - Use VCC Test Description;-;-
82201;Test - Use VCC Test Description;-;-
82204;Test - Use VCC Test Description;-;-
82207;Test - Use VCC Test Description;-;-
82223;Test - Use VCC Test Description;-;-
82241;Test - Use VCC Test Description;Test - Use VCC Test Description;easee:VCC_EEDM,6209298
83301;Test;Test;easee:VCC_EEDM,2218196
94723;-;Test - Use VCC Test Description;easee:VCC_EEDM,300614
94724;-;Test - Use VCC Test Description;easee:VCC_EEDM,300616
94725;-;Test - Use VCC Test Description;easee:VCC_EEDM,300618
94726;-;Test - Use VCC Test Description;easee:VCC_EEDM,300620
94727;-;Test - Use VCC Test Description;easee:VCC_EEDM,300622
94728;-;Test - Use VCC Test Description;easee:VCC_EEDM,300624
94729;-;Test - Use VCC Test Description;easee:VCC_EEDM,300626
94730;-;Test - Use VCC Test Description;easee:VCC_EEDM,300628
94731;-;Analysis;easee:VCC_EEDM,300630
94732;-;Test - Use VCC Test Description;easee:VCC_EEDM,300632
94733;-;Test;easee:VCC_EEDM,6668973
94734;-;Analysis;easee:VCC_EEDM,3437990
